Date,Fajr,Dhuhr,Asr,Maghrib,Isha
2025-11-01,05:30,12:45,15:30,17:45,19:15
2025-11-02,05:31,12:45,15:29,17:44,19:14
2025-11-03,05:32,12:45,15:28,17:43,19:13
2025-11-04,05:33,12:45,15:27,17:42,19:12
2025-11-05,05:34,12:45,15:26,17:41,19:11
2025-11-06,05:35,12:45,15:25,17:40,19:10
2025-11-07,05:36,12:45,15:24,17:39,19:09
2025-11-08,05:37,12:45,15:23,17:38,19:08
2025-11-09,05:38,12:45,15:22,17:37,19:07
2025-11-10,05:39,12:45,15:21,17:36,19:06
2025-11-11,05:40,12:45,15:20,17:35,19:05
2025-11-12,05:41,12:44,15:19,17:34,19:04
2025-11-13,05:42,12:44,15:18,17:33,19:03
2025-11-14,05:43,12:44,15:17,17:32,19:02
2025-11-15,05:44,12:44,15:16,17:31,19:01
2025-11-16,05:45,12:44,15:15,17:30,19:00
2025-11-17,05:46,12:44,15:14,17:29,18:59
2025-11-18,05:47,12:44,15:13,17:28,18:58
2025-11-19,05:48,12:44,15:12,17:27,18:57
2025-11-20,05:49,12:44,15:11,17:26,18:56
2025-11-21,05:50,12:44,15:10,17:25,18:55
2025-11-22,05:51,12:44,15:09,17:24,18:54
2025-11-23,05:52,12:44,15:08,17:23,18:53
2025-11-24,05:53,12:44,15:07,17:22,18:52
2025-11-25,05:54,12:44,15:06,17:21,18:51
2025-11-26,05:55,12:44,15:05,17:20,18:50
2025-11-27,05:56,12:44,15:04,17:19,18:49
2025-11-28,05:57,12:44,15:03,17:18,18:48
2025-11-29,05:58,12:44,15:02,17:17,18:47
2025-11-30,05:59,12:44,15:01,17:16,18:46
